SNR_dB,Correlation
0,0.433304712361003
5,0.678552476821351
10,0.868431566980457
15,0.964511579771587
20,0.990683955174255
25,0.997454703899237
30,0.99865970459796
