SNR_dB,Peak_Angle_Deg
0,6.899167435704
5,0.0502765027289545
10,0.0182615047479917
15,0.159519880240601
20,0.017458900341783
